{
  "matrix": {
    "name": "B_1",
    "storage_format": "csc",
    "rows": 316,
    "cols": 6,
    "nnz": 259,
    "density": 0.13660337552742616,
    "max_line_weight": 88,
    "max_line_density": 0.27848101265822783,
    "ptr_len": 7,
    "index_len": 259,
    "data_len": 259,
    "has_values": true,
    "diagnostics": [
      "index_base=ambiguous",
      "index_policy=wrap_inner_dim_to_zero_dedup"
    ]
  },
  "arrays": {
    "ptr_name": "col_ptr",
    "index_name": "row_idx",
    "data_name": "data",
    "ptr": [
      0,
      15,
      51,
      121,
      140,
      228,
      259
    ],
    "index": [
      15,
      28,
      29,
      47,
      87,
      156,
      160,
      176,
      205,
      224,
      229,
      248,
      254,
      277,
      307,
      8,
      12,
      21,
      23,
      38,
      47,
      49,
      56,
      57,
      62,
      69,
      72,
      79,
      95,
      98,
      119,
      176,
      182,
      189,
      205,
      222,
      239,
      253,
      257,
      260,
      261,
      262,
      267,
      281,
      286,
      291,
      295,
      296,
      305,
      310,
      314,
      1,
      3,
      10,
      21,
      22,
      23,
      28,
      39,
      44,
      45,
      50,
      55,
      57,
      71,
      80,
      93,
      96,
      98,
      106,
      109,
      112,
      121,
      125,
      133,
      134,
      135,
      138,
      143,
      146,
      153,
      159,
      162,
      169,
      180,
      184,
      191,
      193,
      195,
      200,
      202,
      204,
      205,
      208,
      209,
      210,
      217,
      221,
      227,
      230,
      243,
      244,
      250,
      261,
      262,
      265,
      271,
      272,
      274,
      275,
      278,
      282,
      290,
      292,
      296,
      302,
      305,
      306,
      312,
      314,
      315,
      3,
      9,
      12,
      40,
      94,
      108,
      129,
      130,
      131,
      135,
      159,
      186,
      197,
      203,
      247,
      255,
      263,
      294,
      310,
      2,
      5,
      10,
      11,
      13,
      19,
      30,
      31,
      33,
      35,
      37,
      38,
      40,
      41,
      43,
      55,
      62,
      66,
      71,
      76,
      80,
      81,
      83,
      91,
      92,
      96,
      98,
      99,
      102,
      104,
      108,
      109,
      112,
      114,
      117,
      125,
      126,
      131,
      136,
      147,
      150,
      151,
      153,
      154,
      167,
      168,
      171,
      173,
      174,
      184,
      185,
      187,
      194,
      197,
      201,
      209,
      211,
      213,
      215,
      218,
      219,
      220,
      226,
      230,
      234,
      235,
      236,
      242,
      246,
      248,
      254,
      261,
      264,
      265,
      273,
      274,
      276,
      282,
      287,
      289,
      296,
      297,
      303,
      304,
      308,
      311,
      313,
      315,
      5,
      46,
      59,
      61,
      68,
      69,
      75,
      81,
      113,
      118,
      128,
      136,
      143,
      148,
      173,
      187,
      190,
      195,
      201,
      209,
      224,
      230,
      234,
      236,
      253,
      260,
      267,
      280,
      286,
      296,
      312
    ],
    "data_fp16": [
      4.03515625,
      7.4765625,
      -3.625,
      7.76171875,
      4.33203125,
      7.46484375,
      0.55078125,
      -6.046875,
      1.70703125,
      5.828125,
      -7.01953125,
      6.56640625,
      7.6171875,
      -0.9921875,
      -4.046875,
      -1.5546875,
      1.16796875,
      -3.6875,
      1.99609375,
      -1.07421875,
      -5.57421875,
      -0.63671875,
      5.93359375,
      -6.66015625,
      -2.828125,
      -3.10546875,
      -0.41796875,
      3.00390625,
      2.59765625,
      6.55078125,
      6.21875,
      -6.046875,
      6.91015625,
      2.47265625,
      0.98046875,
      0.36328125,
      -6.625,
      -5.11328125,
      -6.1953125,
      2.8359375,
      -4.640625,
      3.8359375,
      -3.26953125,
      3.1015625,
      7.35546875,
      2.421875,
      -6.87109375,
      -1.73046875,
      5.30859375,
      -5.69140625,
      4.58984375,
      4.2109375,
      7.41796875,
      -3.65234375,
      3.046875,
      4.390625,
      5.828125,
      -2.61328125,
      5.05078125,
      -2.19921875,
      1.72265625,
      -6.890625,
      -5.859375,
      -4.953125,
      7.2578125,
      2.8125,
      1.34765625,
      4.71484375,
      -7.90625,
      -5.44921875,
      -6.28125,
      7.9921875,
      0.5625,
      5.9921875,
      3.16796875,
      -7.19140625,
      -5.28125,
      1.28125,
      -4.8125,
      7.453125,
      -3.7734375,
      4.265625,
      -2.63671875,
      4.41796875,
      4.42578125,
      -0.5703125,
      2.15625,
      3.55078125,
      1.796875,
      7.78515625,
      -4.859375,
      7.140625,
      -5.8828125,
      7.73828125,
      -0.69921875,
      -7.625,
      1.125,
      -6.6328125,
      -2.85546875,
      2.1484375,
      5.62890625,
      2.015625,
      0.75390625,
      -2.1171875,
      7.20703125,
      -2.98046875,
      -5.33984375,
      -5.42578125,
      -4.86328125,
      -1.953125,
      6.84765625,
      -6.9140625,
      -2.31640625,
      6.875,
      -1.578125,
      -2.52734375,
      -7.6953125,
      -2.7265625,
      -1.09375,
      3.05859375,
      7.67578125,
      2.59375,
      2.14453125,
      -1.80078125,
      6.93359375,
      -0.3828125,
      6.4453125,
      0.54296875,
      6.921875,
      -3.28125,
      -2.69140625,
      -2.80859375,
      -4.359375,
      3.40625,
      0.33984375,
      -4.05859375,
      -2.02734375,
      -5.125,
      1.61328125,
      3.05859375,
      -0.47265625,
      -3.859375,
      -6.078125,
      -5.33984375,
      5.7109375,
      1.69140625,
      1.4296875,
      -6.8359375,
      2.65625,
      -4.609375,
      -2.45703125,
      -1.66015625,
      -7.29296875,
      -2.1484375,
      -6.76953125,
      -7.61328125,
      5.3984375,
      -3.30078125,
      5.82421875,
      4.140625,
      -4.4296875,
      -6.83203125,
      -6.00390625,
      -2.16015625,
      -1.875,
      2.11328125,
      -3.3359375,
      2.92578125,
      3.15625,
      3.74609375,
      5.734375,
      -6.44921875,
      6.015625,
      -4.76171875,
      -7.71875,
      7.8359375,
      3.76171875,
      2.37890625,
      0.63671875,
      -5.55078125,
      6.08203125,
      -0.75,
      3.44140625,
      -1.04296875,
      2.36328125,
      7.5703125,
      6.2890625,
      -3.54296875,
      -1.10546875,
      5.91796875,
      6.984375,
      3.55078125,
      1.11328125,
      -2.84375,
      -6.3984375,
      2.40234375,
      7.6171875,
      7.10546875,
      -0.7109375,
      4.515625,
      -0.7265625,
      0.2734375,
      2.97265625,
      -3.76953125,
      7.79296875,
      -2.5703125,
      -4.1953125,
      4.5859375,
      -2.16015625,
      1.265625,
      -3.52734375,
      -2.4453125,
      -6.05078125,
      -2.24609375,
      4.37109375,
      -0.55859375,
      5.56640625,
      -1.70703125,
      5.2421875,
      -6.85546875,
      -7.65625,
      -0.265625,
      -4.63671875,
      0.890625,
      1.859375,
      5.2421875,
      2.03515625,
      6.64453125,
      4.70703125,
      4.05078125,
      -0.29296875,
      4.609375,
      4.35546875,
      -5.9765625,
      -0.59375,
      5.015625,
      0.78125,
      -3.83203125,
      -5.765625,
      5.90625,
      -4.18359375,
      5.94140625,
      -4.07421875,
      -0.88671875,
      2.1953125,
      -3.02734375,
      2.578125,
      -0.27734375,
      7.4921875,
      5.56640625,
      5.37890625,
      6.2109375,
      6.45703125,
      5.47265625,
      -0.64453125,
      0.390625,
      -0.98046875,
      7.296875,
      7.70703125
    ],